/*******DML COMMANDS********/

Use P2P
GO

/******CUSTOMER TABLE*******/

insert into Customer (CustomerId, CustomerName, CardNo, CVV, ExpiryDate, CustPhoneNo, CustEmail, SSN, ResAddress) values (41, 'Timmy Muffett', '490527200490333633', 488, '03/14/2024', 2200423483, 'tmuffett0@people.com.cn', 862329993, '0178 Susan Way');
insert into Customer (CustomerId, CustomerName, CardNo, CVV, ExpiryDate, CustPhoneNo, CustEmail, SSN, ResAddress) values (42, 'Harmon Pyett', '30454299557036', 148, '11/18/2021', 4992941039, 'hpyett1@hibu.com', 946798864, '7014 Kropf Pass');
insert into Customer (CustomerId, CustomerName, CardNo, CVV, ExpiryDate, CustPhoneNo, CustEmail, SSN, ResAddress) values (43, 'Giselbert Hardage', '4706254406430', 153, '03/23/2023', 5289280400, 'ghardage2@sina.com.cn', 967350107, '2039 Ohio Hill');
insert into Customer (CustomerId, CustomerName, CardNo, CVV, ExpiryDate, CustPhoneNo, CustEmail, SSN, ResAddress) values (44, 'Essy Canto', '4405908069015003', 336, '07/24/2022', 3598840700, 'ecanto3@seesaa.net', 926822380, '30686 Golf Place');
insert into Customer (CustomerId, CustomerName, CardNo, CVV, ExpiryDate, CustPhoneNo, CustEmail, SSN, ResAddress) values (45, 'Aridatha Bax', '5002357813744480', 520, '08/28/2022', 8497988809, 'abax4@microsoft.com', 764796173, '86259 Ryan Way');
insert into Customer (CustomerId, CustomerName, CardNo, CVV, ExpiryDate, CustPhoneNo, CustEmail, SSN, ResAddress) values (46, 'Heidie Hand', '561077617058397050', 941, '07/20/2022', 3255321125, 'hhand5@shutterfly.com', 258928152, '8 New Castle Road');
insert into Customer (CustomerId, CustomerName, CardNo, CVV, ExpiryDate, CustPhoneNo, CustEmail, SSN, ResAddress) values (47, 'Mari Dawidowsky', '6331102493850565570', 991, '02/09/2024', 1504412195, 'mdawidowsky6@umn.edu', 608450884, '479 Park Meadow Court');
insert into Customer (CustomerId, CustomerName, CardNo, CVV, ExpiryDate, CustPhoneNo, CustEmail, SSN, ResAddress) values (48, 'Kylynn Lumbley', '3574252682330375', 254, '08/19/2025', 6934196301, 'klumbley7@loc.gov', 919189533, '6 Swallow Park');
insert into Customer (CustomerId, CustomerName, CardNo, CVV, ExpiryDate, CustPhoneNo, CustEmail, SSN, ResAddress) values (49, 'Vite Lightollers', '3557625332982664', 634, '08/14/2021', 3684247230, 'vlightollers8@eepurl.com', 968322091, '7190 Anderson Circle');
insert into Customer (CustomerId, CustomerName, CardNo, CVV, ExpiryDate, CustPhoneNo, CustEmail, SSN, ResAddress) values (50, 'Heath Yerrill', '372301421181092', 283, '07/16/2021', 4664896663, 'hyerrill9@google.pl', 160886753, '7 Armistice Parkway');
insert into Customer (CustomerId, CustomerName, CardNo, CVV, ExpiryDate, CustPhoneNo, CustEmail, SSN, ResAddress) values (51, 'Marcela O''Dyvoie', '5641824334834218433', 930, '08/02/2024', 2618026002, 'modyvoiea@miibeian.gov.cn', 406464666, '35 Autumn Leaf Hill');
insert into Customer (CustomerId, CustomerName, CardNo, CVV, ExpiryDate, CustPhoneNo, CustEmail, SSN, ResAddress) values (52, 'Sherye Maunder', '201836627593738', 233, '11/01/2022', 9523041802, 'smaunderb@g.co', 821184455, '2 Fisk Place');
insert into Customer (CustomerId, CustomerName, CardNo, CVV, ExpiryDate, CustPhoneNo, CustEmail, SSN, ResAddress) values (53, 'Genovera Debill', '4508996694620939', 452, '09/09/2024', 7522231613, 'gdebillc@naver.com', 313702074, '00958 Forest Alley');
insert into Customer (CustomerId, CustomerName, CardNo, CVV, ExpiryDate, CustPhoneNo, CustEmail, SSN, ResAddress) values (54, 'Hetty Blencowe', '3586251817955334', 890, '02/10/2024', 7611888489, 'hblencowed@51.la', 274667290, '73 Northridge Circle');
insert into Customer (CustomerId, CustomerName, CardNo, CVV, ExpiryDate, CustPhoneNo, CustEmail, SSN, ResAddress) values (55, 'Anatole Perrycost', '5602211299246631', 572, '01/05/2024', 4517121346, 'aperrycoste@bing.com', 766799618, '8 Mccormick Way');
insert into Customer (CustomerId, CustomerName, CardNo, CVV, ExpiryDate, CustPhoneNo, CustEmail, SSN, ResAddress) values (56, 'Karia Averill', '6709110126870458023', 248, '01/18/2021', 1431527229, 'kaverillf@webs.com', 382296611, '139 Eliot Crossing');
insert into Customer (CustomerId, CustomerName, CardNo, CVV, ExpiryDate, CustPhoneNo, CustEmail, SSN, ResAddress) values (57, 'Ingeberg McSherry', '3572782231786323', 744, '04/06/2021', 4577714189, 'imcsherryg@nsw.gov.au', 217334475, '3132 Center Center');
insert into Customer (CustomerId, CustomerName, CardNo, CVV, ExpiryDate, CustPhoneNo, CustEmail, SSN, ResAddress) values (58, 'Ange Tomadoni', '3570543840597655', 923, '01/18/2024', 4087705431, 'atomadonih@mail.ru', 870871857, '114 East Plaza');
insert into Customer (CustomerId, CustomerName, CardNo, CVV, ExpiryDate, CustPhoneNo, CustEmail, SSN, ResAddress) values (59, 'Linea Charge', '3566559352761717', 929, '02/28/2025', 2433262113, 'lchargei@sourceforge.net', 993639299, '6 Larry Point');
insert into Customer (CustomerId, CustomerName, CardNo, CVV, ExpiryDate, CustPhoneNo, CustEmail, SSN, ResAddress) values (60, 'Laurens Schmuhl', '30192259666179', 215, '04/03/2022', 8657121483, 'lschmuhlj@ehow.com', 894038242, '50577 Barby Circle');




/******CUSTOMER FEEDBACK TABLE*******/



insert into CustomerFeedBack (FeedbackID, OrderId, CustomerId, EmpId, EmployeeRating, CompanyRating) values (21, 185, 42, 70, 2, 4);
insert into CustomerFeedBack (FeedbackID, OrderId, CustomerId, EmpId, EmployeeRating, CompanyRating) values (22, 172, 46, 68, 3, 2);
insert into CustomerFeedBack (FeedbackID, OrderId, CustomerId, EmpId, EmployeeRating, CompanyRating) values (23, 201, 45, 68, 4, 1);
insert into CustomerFeedBack (FeedbackID, OrderId, CustomerId, EmpId, EmployeeRating, CompanyRating) values (24, 187, 57, 70, 3, 5);
insert into CustomerFeedBack (FeedbackID, OrderId, CustomerId, EmpId, EmployeeRating, CompanyRating) values (25, 185, 59, 64, 5, 2);
insert into CustomerFeedBack (FeedbackID, OrderId, CustomerId, EmpId, EmployeeRating, CompanyRating) values (26, 161, 51, 66, 2, 1);
insert into CustomerFeedBack (FeedbackID, OrderId, CustomerId, EmpId, EmployeeRating, CompanyRating) values (27, 165, 42, 68, 1, 1);
insert into CustomerFeedBack (FeedbackID, OrderId, CustomerId, EmpId, EmployeeRating, CompanyRating) values (28, 191, 56, 67, 5, 3);
insert into CustomerFeedBack (FeedbackID, OrderId, CustomerId, EmpId, EmployeeRating, CompanyRating) values (29, 202, 49, 62, 2, 2);
insert into CustomerFeedBack (FeedbackID, OrderId, CustomerId, EmpId, EmployeeRating, CompanyRating) values (30, 193, 57, 67, 5, 3);
insert into CustomerFeedBack (FeedbackID, OrderId, CustomerId, EmpId, EmployeeRating, CompanyRating) values (31, 176, 43, 70, 3, 3);
insert into CustomerFeedBack (FeedbackID, OrderId, CustomerId, EmpId, EmployeeRating, CompanyRating) values (32, 174, 54, 61, 3, 1);
insert into CustomerFeedBack (FeedbackID, OrderId, CustomerId, EmpId, EmployeeRating, CompanyRating) values (33, 171, 44, 67, 5, 4);
insert into CustomerFeedBack (FeedbackID, OrderId, CustomerId, EmpId, EmployeeRating, CompanyRating) values (34, 209, 57, 61, 4, 1);
insert into CustomerFeedBack (FeedbackID, OrderId, CustomerId, EmpId, EmployeeRating, CompanyRating) values (35, 202, 60, 66, 5, 3);
insert into CustomerFeedBack (FeedbackID, OrderId, CustomerId, EmpId, EmployeeRating, CompanyRating) values (36, 165, 50, 68, 5, 1);
insert into CustomerFeedBack (FeedbackID, OrderId, CustomerId, EmpId, EmployeeRating, CompanyRating) values (37, 187, 51, 64, 5, 2);
insert into CustomerFeedBack (FeedbackID, OrderId, CustomerId, EmpId, EmployeeRating, CompanyRating) values (38, 198, 43, 70, 1, 3);
insert into CustomerFeedBack (FeedbackID, OrderId, CustomerId, EmpId, EmployeeRating, CompanyRating) values (39, 209, 54, 68, 4, 1);
insert into CustomerFeedBack (FeedbackID, OrderId, CustomerId, EmpId, EmployeeRating, CompanyRating) values (40, 198, 46, 70, 3, 5);




/*********EMPLOYEE TABLE**********/


insert into Employee (EmpId, EmpName, EmpPhoneNo, EmpEmail, EmpSSN, EmpResAddress, LicenseNo, MedicalInsuranceNo) values (61, 'Ara Orris', 1197656525, 'aorris0@wikipedia.org', 543932390, '4 Montana Way', '3585329938851151', '3558730034035628');
insert into Employee (EmpId, EmpName, EmpPhoneNo, EmpEmail, EmpSSN, EmpResAddress, LicenseNo, MedicalInsuranceNo) values (62, 'Jamie Crooke', 7769965717, 'jcrooke1@cloudflare.com', 108516085, '20 Canary Crossing', '3573839344166691', '5893872686327640458');
insert into Employee (EmpId, EmpName, EmpPhoneNo, EmpEmail, EmpSSN, EmpResAddress, LicenseNo, MedicalInsuranceNo) values (63, 'Findley Hadye', 9685622862, 'fhadye2@ucoz.com', 354161274, '505 Luster Circle', '5602219641344632', '67595887846119964');
insert into Employee (EmpId, EmpName, EmpPhoneNo, EmpEmail, EmpSSN, EmpResAddress, LicenseNo, MedicalInsuranceNo) values (64, 'Duke Roswarne', 8666848274, 'droswarne3@1und1.de', 600820419, '2 Myrtle Crossing', '3583067766981540', '337941506975225');
insert into Employee (EmpId, EmpName, EmpPhoneNo, EmpEmail, EmpSSN, EmpResAddress, LicenseNo, MedicalInsuranceNo) values (65, 'Jackie Bellworthy', 7904777892, 'jbellworthy4@jugem.jp', 199740564, '9145 Stone Corner Crossing', '5541446902685346', '3562271368839487');
insert into Employee (EmpId, EmpName, EmpPhoneNo, EmpEmail, EmpSSN, EmpResAddress, LicenseNo, MedicalInsuranceNo) values (66, 'Nanci Rudloff', 4881004653, 'nrudloff5@vimeo.com', 259527674, '3546 Graedel Circle', '3547559248772914', '3559923478108741');
insert into Employee (EmpId, EmpName, EmpPhoneNo, EmpEmail, EmpSSN, EmpResAddress, LicenseNo, MedicalInsuranceNo) values (67, 'Jacinthe Clarke', 9011346344, 'jclarke6@hatena.ne.jp', 443396606, '6916 Farmco Terrace', '4508902414274346', '3574797646192766');
insert into Employee (EmpId, EmpName, EmpPhoneNo, EmpEmail, EmpSSN, EmpResAddress, LicenseNo, MedicalInsuranceNo) values (68, 'Bobine Budden', 8320939754, 'bbudden7@abc.net.au', 122782646, '44036 Lawn Trail', '3547530343407599', '5048375372335819');
insert into Employee (EmpId, EmpName, EmpPhoneNo, EmpEmail, EmpSSN, EmpResAddress, LicenseNo, MedicalInsuranceNo) values (69, 'Wells Vickars', 8455831632, 'wvickars8@guardian.co.uk', 180761371, '8 Sachtjen Street', '30538646232267', '56102266607569262');
insert into Employee (EmpId, EmpName, EmpPhoneNo, EmpEmail, EmpSSN, EmpResAddress, LicenseNo, MedicalInsuranceNo) values (70, 'Saree Palombi', 4671252260, 'spalombi9@homestead.com', 241865925, '731 Shelley Street', '676306636368360797', '374283573624723');




/**********EMPLOYEE SALARY TABLE************/


insert into EmployeeSalary (AccountNo, AccountType, RoutingNo, BankName, Amount, NoOfOrders, EmpId) values (381277420, 'Checkings', 591931993, 'Lueilwitz Group', 4449, 5, 70);
insert into EmployeeSalary (AccountNo, AccountType, RoutingNo, BankName, Amount, NoOfOrders, EmpId) values (399394073, 'Checkings', 619314244, 'Emmerich, Dietrich and Sanford', 3668, 2, 61);
insert into EmployeeSalary (AccountNo, AccountType, RoutingNo, BankName, Amount, NoOfOrders, EmpId) values (972870568, 'Checkings', 156703914, 'Schinner Group', 8370, 6, 68);
insert into EmployeeSalary (AccountNo, AccountType, RoutingNo, BankName, Amount, NoOfOrders, EmpId) values (952886197, 'Checkings', 344388067, 'Eichmann-Moore', 4683, 19, 70);
insert into EmployeeSalary (AccountNo, AccountType, RoutingNo, BankName, Amount, NoOfOrders, EmpId) values (198697870, 'Savings', 644272265, 'Witting-Gulgowski', 9366, 4, 68);
insert into EmployeeSalary (AccountNo, AccountType, RoutingNo, BankName, Amount, NoOfOrders, EmpId) values (291613961, 'Checkings', 530345389, 'D''Amore, Schroeder and Schroeder', 4373, 16, 63);
insert into EmployeeSalary (AccountNo, AccountType, RoutingNo, BankName, Amount, NoOfOrders, EmpId) values (822625178, 'Savings', 362041595, 'Leuschke, Collins and Hauck', 2833, 8, 69);
insert into EmployeeSalary (AccountNo, AccountType, RoutingNo, BankName, Amount, NoOfOrders, EmpId) values (369223994, 'Checkings', 552417963, 'Von, Mueller and Turner', 2602, 10, 64);
insert into EmployeeSalary (AccountNo, AccountType, RoutingNo, BankName, Amount, NoOfOrders, EmpId) values (810935979, 'Savings', 309966024, 'Hudson-Kirlin', 4538, 9, 69);
insert into EmployeeSalary (AccountNo, AccountType, RoutingNo, BankName, Amount, NoOfOrders, EmpId) values (402711862, 'Checkings', 952316260, 'Grady LLC', 6489, 15, 68);
insert into EmployeeSalary (AccountNo, AccountType, RoutingNo, BankName, Amount, NoOfOrders, EmpId) values (149558680, 'Checkings', 534126676, 'Schuster LLC', 9502, 15, 61);
insert into EmployeeSalary (AccountNo, AccountType, RoutingNo, BankName, Amount, NoOfOrders, EmpId) values (534702730, 'Savings', 918607795, 'Lowe and Sons', 6483, 14, 68);
insert into EmployeeSalary (AccountNo, AccountType, RoutingNo, BankName, Amount, NoOfOrders, EmpId) values (742370132, 'Checkings', 784747527, 'Block-Bauch', 6479, 20, 68);
insert into EmployeeSalary (AccountNo, AccountType, RoutingNo, BankName, Amount, NoOfOrders, EmpId) values (787658249, 'Savings', 317972490, 'Homenick LLC', 2614, 18, 68);
insert into EmployeeSalary (AccountNo, AccountType, RoutingNo, BankName, Amount, NoOfOrders, EmpId) values (340218997, 'Savings', 351070402, 'Thompson-Bogisich', 3265, 14, 62);
insert into EmployeeSalary (AccountNo, AccountType, RoutingNo, BankName, Amount, NoOfOrders, EmpId) values (719672187, 'Checkings', 481120173, 'Grady-Labadie', 4578, 15, 66);
insert into EmployeeSalary (AccountNo, AccountType, RoutingNo, BankName, Amount, NoOfOrders, EmpId) values (920765543, 'Checkings', 559396456, 'Conroy LLC', 6636, 20, 62);
insert into EmployeeSalary (AccountNo, AccountType, RoutingNo, BankName, Amount, NoOfOrders, EmpId) values (736781978, 'Savings', 924980248, 'Ritchie-Murray', 9375, 4, 69);
insert into EmployeeSalary (AccountNo, AccountType, RoutingNo, BankName, Amount, NoOfOrders, EmpId) values (666943534, 'Savings', 360699666, 'Haag-Funk', 3358, 3, 65);
insert into EmployeeSalary (AccountNo, AccountType, RoutingNo, BankName, Amount, NoOfOrders, EmpId) values (450354486, 'Savings', 751241943, 'Friesen-Schimmel', 2520, 2, 61);



/**********PRODUCT TABLE******************/


insert into Product (ProductId, ProductName, ProductCategory) values (101, 'RILY', 'Garden');
insert into Product (ProductId, ProductName, ProductCategory) values (102, 'THLD', 'Beauty');
insert into Product (ProductId, ProductName, ProductCategory) values (103, 'WSO.B', 'Home');
insert into Product (ProductId, ProductName, ProductCategory) values (104, 'SRUNW', 'Clothing');
insert into Product (ProductId, ProductName, ProductCategory) values (105, 'PPR', 'Electronics');
insert into Product (ProductId, ProductName, ProductCategory) values (106, 'MOSY', 'Outdoors');
insert into Product (ProductId, ProductName, ProductCategory) values (107, 'VICL', 'Games');
insert into Product (ProductId, ProductName, ProductCategory) values (108, 'AMKR', 'Toys');
insert into Product (ProductId, ProductName, ProductCategory) values (109, 'SREV', 'Kids');
insert into Product (ProductId, ProductName, ProductCategory) values (110, 'BSET', 'Grocery');
insert into Product (ProductId, ProductName, ProductCategory) values (111, 'OXBR', 'Beauty');
insert into Product (ProductId, ProductName, ProductCategory) values (112, 'OKS', 'Health');
insert into Product (ProductId, ProductName, ProductCategory) values (113, 'CORT', 'Jewelery');
insert into Product (ProductId, ProductName, ProductCategory) values (114, 'ALK', 'Grocery');
insert into Product (ProductId, ProductName, ProductCategory) values (115, 'CMD', 'Industrial');
insert into Product (ProductId, ProductName, ProductCategory) values (116, 'MSA', 'Sports');
insert into Product (ProductId, ProductName, ProductCategory) values (117, 'MDVXW', 'Computers');
insert into Product (ProductId, ProductName, ProductCategory) values (118, 'PACB', 'Electronics');
insert into Product (ProductId, ProductName, ProductCategory) values (119, 'FALN', 'Books');
insert into Product (ProductId, ProductName, ProductCategory) values (120, 'POR', 'Automotive');



/********** ORDER TABLE*****************/


insert into [Order] (OrderId, TimeOfOrder, TimeOfDelivery, TotalDistance, DateOfOrder, FromAddress, ToAddress, ReceivedBy, CustomerId, PaymentId, EmpId, ProductId) values (161, '9:57', '13:00', 27.27, '5/26/2019', '0590 Vernon Center', '5 Raven Way', 'Early Vlasin', 49, 87, 68, 112);
insert into [Order] (OrderId, TimeOfOrder, TimeOfDelivery, TotalDistance, DateOfOrder, FromAddress, ToAddress, ReceivedBy, CustomerId, PaymentId, EmpId, ProductId) values (162, '4:44', '21:22', 18.59, '1/29/2019', '473 Maywood Parkway', '58 Russell Center', 'Rhea Lamble', 58, 100, 68, 111);
insert into [Order] (OrderId, TimeOfOrder, TimeOfDelivery, TotalDistance, DateOfOrder, FromAddress, ToAddress, ReceivedBy, CustomerId, PaymentId, EmpId, ProductId) values (163, '5:43', '19:46', 39.96, '9/29/2019', '14 Scofield Way', '77925 Toban Lane', 'Dorree Loosmore', 44, 100, 64, 116);
insert into [Order] (OrderId, TimeOfOrder, TimeOfDelivery, TotalDistance, DateOfOrder, FromAddress, ToAddress, ReceivedBy, CustomerId, PaymentId, EmpId, ProductId) values (164, '3:51', '23:57', 42.66, '4/22/2019', '6265 Bellgrove Lane', '5 Cordelia Court', 'Pavia Dulwitch', 51, 83, 64, 114);
insert into [Order] (OrderId, TimeOfOrder, TimeOfDelivery, TotalDistance, DateOfOrder, FromAddress, ToAddress, ReceivedBy, CustomerId, PaymentId, EmpId, ProductId) values (165, '7:42', '18:14', 28.97, '3/7/2019', '79 Old Gate Drive', '4 Armistice Pass', 'Lonnie Munt', 44, 86, 62, 108);
insert into [Order] (OrderId, TimeOfOrder, TimeOfDelivery, TotalDistance, DateOfOrder, FromAddress, ToAddress, ReceivedBy, CustomerId, PaymentId, EmpId, ProductId) values (166, '0:14', '19:30', 46.88, '10/26/2019', '46417 Trailsway Parkway', '29 Dawn Point', 'Leilah Riba', 46, 91, 61, 115);
insert into [Order] (OrderId, TimeOfOrder, TimeOfDelivery, TotalDistance, DateOfOrder, FromAddress, ToAddress, ReceivedBy, CustomerId, PaymentId, EmpId, ProductId) values (167, '10:54', '20:26', 34.23, '3/18/2019', '0 Sommers Crossing', '512 Quincy Place', 'Annetta McGragh', 48, 84, 63, 105);
insert into [Order] (OrderId, TimeOfOrder, TimeOfDelivery, TotalDistance, DateOfOrder, FromAddress, ToAddress, ReceivedBy, CustomerId, PaymentId, EmpId, ProductId) values (168, '9:28', '19:50', 36.11, '12/30/2018', '3 East Place', '7055 Londonderry Parkway', 'Hogan Horlick', 42, 95, 66, 103);
insert into [Order] (OrderId, TimeOfOrder, TimeOfDelivery, TotalDistance, DateOfOrder, FromAddress, ToAddress, ReceivedBy, CustomerId, PaymentId, EmpId, ProductId) values (169, '3:20', '13:26', 1.44, '8/24/2019', '819 Fieldstone Circle', '72262 Rockefeller Trail', 'Phyllida Honatsch', 43, 83, 64, 114);
insert into [Order] (OrderId, TimeOfOrder, TimeOfDelivery, TotalDistance, DateOfOrder, FromAddress, ToAddress, ReceivedBy, CustomerId, PaymentId, EmpId, ProductId) values (170, '5:35', '21:45', 39.94, '7/8/2019', '5393 Maywood Court', '892 Monica Center', 'Sherlock Purviss', 49, 86, 64, 114);
insert into [Order] (OrderId, TimeOfOrder, TimeOfDelivery, TotalDistance, DateOfOrder, FromAddress, ToAddress, ReceivedBy, CustomerId, PaymentId, EmpId, ProductId) values (171, '1:47', '21:57', 1.29, '11/21/2019', '53 Mallory Center', '655 Toban Crossing', 'Carilyn Chinnock', 54, 97, 68, 116);
insert into [Order] (OrderId, TimeOfOrder, TimeOfDelivery, TotalDistance, DateOfOrder, FromAddress, ToAddress, ReceivedBy, CustomerId, PaymentId, EmpId, ProductId) values (172, '7:04', '17:03', 11.32, '8/22/2019', '8 Quincy Junction', '60440 Buell Terrace', 'Justina Benny', 45, 98, 70, 105);
insert into [Order] (OrderId, TimeOfOrder, TimeOfDelivery, TotalDistance, DateOfOrder, FromAddress, ToAddress, ReceivedBy, CustomerId, PaymentId, EmpId, ProductId) values (173, '6:40', '20:28', 34.9, '7/1/2019', '265 Kingsford Pass', '0 Bartelt Drive', 'Alain Jacmard', 58, 95, 68, 105);
insert into [Order] (OrderId, TimeOfOrder, TimeOfDelivery, TotalDistance, DateOfOrder, FromAddress, ToAddress, ReceivedBy, CustomerId, PaymentId, EmpId, ProductId) values (174, '0:03', '16:50', 40.26, '12/11/2018', '68 Welch Terrace', '332 Brown Junction', 'Joceline Danilowicz', 47, 97, 69, 112);
insert into [Order] (OrderId, TimeOfOrder, TimeOfDelivery, TotalDistance, DateOfOrder, FromAddress, ToAddress, ReceivedBy, CustomerId, PaymentId, EmpId, ProductId) values (175, '6:41', '13:29', 39.42, '8/28/2019', '1 Nobel Way', '3 Schlimgen Hill', 'Tatum Danilov', 51, 87, 63, 112);
insert into [Order] (OrderId, TimeOfOrder, TimeOfDelivery, TotalDistance, DateOfOrder, FromAddress, ToAddress, ReceivedBy, CustomerId, PaymentId, EmpId, ProductId) values (176, '10:13', '17:38', 2.36, '12/28/2018', '1 Pond Trail', '16027 Jenifer Road', 'Siegfried Stoll', 42, 90, 64, 109);
insert into [Order] (OrderId, TimeOfOrder, TimeOfDelivery, TotalDistance, DateOfOrder, FromAddress, ToAddress, ReceivedBy, CustomerId, PaymentId, EmpId, ProductId) values (177, '1:35', '20:31', 17.52, '1/15/2019', '7900 Continental Trail', '98016 Algoma Junction', 'Nikos Jumel', 48, 85, 69, 112);
insert into [Order] (OrderId, TimeOfOrder, TimeOfDelivery, TotalDistance, DateOfOrder, FromAddress, ToAddress, ReceivedBy, CustomerId, PaymentId, EmpId, ProductId) values (178, '7:29', '22:43', 29.8, '2/1/2019', '902 Shopko Street', '5001 Delladonna Plaza', 'Liz Meineking', 50, 90, 63, 110);
insert into [Order] (OrderId, TimeOfOrder, TimeOfDelivery, TotalDistance, DateOfOrder, FromAddress, ToAddress, ReceivedBy, CustomerId, PaymentId, EmpId, ProductId) values (179, '11:07', '20:06', 3.97, '3/14/2019', '73636 Dorton Point', '24 Morning Terrace', 'Marcelline Bransden', 46, 88, 66, 110);
insert into [Order] (OrderId, TimeOfOrder, TimeOfDelivery, TotalDistance, DateOfOrder, FromAddress, ToAddress, ReceivedBy, CustomerId, PaymentId, EmpId, ProductId) values (180, '4:36', '21:23', 26.72, '9/2/2019', '50487 Artisan Alley', '6 Morrow Crossing', 'Morganne Trumper', 41, 95, 68, 110);
insert into [Order] (OrderId, TimeOfOrder, TimeOfDelivery, TotalDistance, DateOfOrder, FromAddress, ToAddress, ReceivedBy, CustomerId, PaymentId, EmpId, ProductId) values (181, '4:45', '15:56', 35.76, '12/29/2018', '406 Vahlen Trail', '7 Onsgard Terrace', 'William Cattellion', 51, 93, 61, 107);
insert into [Order] (OrderId, TimeOfOrder, TimeOfDelivery, TotalDistance, DateOfOrder, FromAddress, ToAddress, ReceivedBy, CustomerId, PaymentId, EmpId, ProductId) values (182, '6:01', '16:17', 23.17, '3/8/2019', '225 Truax Parkway', '87 Kennedy Circle', 'Mikel Magne', 44, 94, 68, 111);
insert into [Order] (OrderId, TimeOfOrder, TimeOfDelivery, TotalDistance, DateOfOrder, FromAddress, ToAddress, ReceivedBy, CustomerId, PaymentId, EmpId, ProductId) values (183, '6:32', '12:42', 37.45, '4/14/2019', '835 Coolidge Pass', '88515 Tony Lane', 'Dal Grimsey', 55, 97, 61, 107);
insert into [Order] (OrderId, TimeOfOrder, TimeOfDelivery, TotalDistance, DateOfOrder, FromAddress, ToAddress, ReceivedBy, CustomerId, PaymentId, EmpId, ProductId) values (184, '8:02', '17:30', 27.77, '10/12/2019', '9753 Myrtle Pass', '2 New Castle Terrace', 'Daniel Harnell', 55, 81, 63, 107);
insert into [Order] (OrderId, TimeOfOrder, TimeOfDelivery, TotalDistance, DateOfOrder, FromAddress, ToAddress, ReceivedBy, CustomerId, PaymentId, EmpId, ProductId) values (185, '6:00', '14:22', 4.05, '6/19/2019', '41439 Derek Road', '72417 Nevada Plaza', 'Maureene Gladdor', 41, 92, 63, 102);
insert into [Order] (OrderId, TimeOfOrder, TimeOfDelivery, TotalDistance, DateOfOrder, FromAddress, ToAddress, ReceivedBy, CustomerId, PaymentId, EmpId, ProductId) values (186, '8:55', '18:28', 37.1, '12/6/2018', '60326 Thackeray Park', '2476 Fair Oaks Plaza', 'Baxy McGlashan', 43, 92, 63, 120);
insert into [Order] (OrderId, TimeOfOrder, TimeOfDelivery, TotalDistance, DateOfOrder, FromAddress, ToAddress, ReceivedBy, CustomerId, PaymentId, EmpId, ProductId) values (187, '5:57', '16:34', 40.79, '2/24/2019', '1 Dennis Terrace', '5573 Dayton Road', 'Lida Beat', 51, 87, 64, 105);
insert into [Order] (OrderId, TimeOfOrder, TimeOfDelivery, TotalDistance, DateOfOrder, FromAddress, ToAddress, ReceivedBy, CustomerId, PaymentId, EmpId, ProductId) values (188, '4:25', '17:41', 16.82, '2/17/2019', '05 Kennedy Street', '27 Grasskamp Street', 'Lorne Shotton', 42, 81, 62, 103);
insert into [Order] (OrderId, TimeOfOrder, TimeOfDelivery, TotalDistance, DateOfOrder, FromAddress, ToAddress, ReceivedBy, CustomerId, PaymentId, EmpId, ProductId) values (189, '0:30', '18:52', 22.84, '8/12/2019', '54 Buena Vista Terrace', '48 Buell Pass', 'Duane Rassell', 55, 91, 64, 114);
insert into [Order] (OrderId, TimeOfOrder, TimeOfDelivery, TotalDistance, DateOfOrder, FromAddress, ToAddress, ReceivedBy, CustomerId, PaymentId, EmpId, ProductId) values (190, '3:33', '14:21', 24.47, '11/4/2019', '117 Sutherland Parkway', '0237 Monica Place', 'Brenna Connell', 45, 94, 70, 112);
insert into [Order] (OrderId, TimeOfOrder, TimeOfDelivery, TotalDistance, DateOfOrder, FromAddress, ToAddress, ReceivedBy, CustomerId, PaymentId, EmpId, ProductId) values (191, '0:07', '14:44', 3.53, '4/7/2019', '1229 Clarendon Park', '021 Messerschmidt Place', 'Peyter Bouchard', 50, 93, 68, 117);
insert into [Order] (OrderId, TimeOfOrder, TimeOfDelivery, TotalDistance, DateOfOrder, FromAddress, ToAddress, ReceivedBy, CustomerId, PaymentId, EmpId, ProductId) values (192, '1:24', '14:58', 49.99, '10/12/2019', '15640 Montana Avenue', '18075 Nova Lane', 'Lauretta Gapper', 50, 90, 67, 108);
insert into [Order] (OrderId, TimeOfOrder, TimeOfDelivery, TotalDistance, DateOfOrder, FromAddress, ToAddress, ReceivedBy, CustomerId, PaymentId, EmpId, ProductId) values (193, '5:50', '19:29', 40.62, '9/27/2019', '0 Iowa Parkway', '6 Sycamore Lane', 'Beniamino Corselles', 45, 90, 62, 116);
insert into [Order] (OrderId, TimeOfOrder, TimeOfDelivery, TotalDistance, DateOfOrder, FromAddress, ToAddress, ReceivedBy, CustomerId, PaymentId, EmpId, ProductId) values (194, '9:03', '14:32', 44.99, '4/4/2019', '8122 Ilene Drive', '49709 Mariners Cove Hill', 'Cyrus Weepers', 48, 98, 63, 118);
insert into [Order] (OrderId, TimeOfOrder, TimeOfDelivery, TotalDistance, DateOfOrder, FromAddress, ToAddress, ReceivedBy, CustomerId, PaymentId, EmpId, ProductId) values (195, '10:23', '17:04', 21.74, '4/28/2019', '865 Sycamore Way', '8404 Hanson Street', 'Antonina Frickey', 48, 86, 64, 116);
insert into [Order] (OrderId, TimeOfOrder, TimeOfDelivery, TotalDistance, DateOfOrder, FromAddress, ToAddress, ReceivedBy, CustomerId, PaymentId, EmpId, ProductId) values (196, '6:36', '21:28', 25.0, '12/10/2018', '6 Lakeland Alley', '8 Schmedeman Lane', 'Caritta Riggey', 58, 88, 68, 101);
insert into [Order] (OrderId, TimeOfOrder, TimeOfDelivery, TotalDistance, DateOfOrder, FromAddress, ToAddress, ReceivedBy, CustomerId, PaymentId, EmpId, ProductId) values (197, '8:57', '19:34', 49.39, '4/15/2019', '507 Roxbury Street', '1 Elka Alley', 'Tye Coldicott', 53, 81, 69, 106);
insert into [Order] (OrderId, TimeOfOrder, TimeOfDelivery, TotalDistance, DateOfOrder, FromAddress, ToAddress, ReceivedBy, CustomerId, PaymentId, EmpId, ProductId) values (198, '5:30', '23:17', 18.62, '9/2/2019', '2588 Morning Street', '84 Erie Center', 'Lin Trever', 48, 89, 69, 116);
insert into [Order] (OrderId, TimeOfOrder, TimeOfDelivery, TotalDistance, DateOfOrder, FromAddress, ToAddress, ReceivedBy, CustomerId, PaymentId, EmpId, ProductId) values (199, '1:01', '12:06', 46.86, '10/4/2019', '46 Forest Circle', '318 Sugar Plaza', 'Magdalene Eagleston', 57, 92, 63, 112);
insert into [Order] (OrderId, TimeOfOrder, TimeOfDelivery, TotalDistance, DateOfOrder, FromAddress, ToAddress, ReceivedBy, CustomerId, PaymentId, EmpId, ProductId) values (200, '11:11', '13:42', 39.08, '12/25/2018', '32 Dovetail Center', '16 Pepper Wood Alley', 'Taddeusz Sergeaunt', 59, 81, 70, 104);
insert into [Order] (OrderId, TimeOfOrder, TimeOfDelivery, TotalDistance, DateOfOrder, FromAddress, ToAddress, ReceivedBy, CustomerId, PaymentId, EmpId, ProductId) values (201, '5:39', '21:03', 5.43, '11/4/2019', '42319 Waywood Crossing', '567 Banding Way', 'Beck Rabjohns', 56, 100, 65, 118);
insert into [Order] (OrderId, TimeOfOrder, TimeOfDelivery, TotalDistance, DateOfOrder, FromAddress, ToAddress, ReceivedBy, CustomerId, PaymentId, EmpId, ProductId) values (202, '0:32', '17:45', 45.78, '8/2/2019', '318 Scoville Park', '5 Cody Pass', 'Ailsun Took', 49, 84, 61, 102);
insert into [Order] (OrderId, TimeOfOrder, TimeOfDelivery, TotalDistance, DateOfOrder, FromAddress, ToAddress, ReceivedBy, CustomerId, PaymentId, EmpId, ProductId) values (203, '0:20', '13:39', 37.94, '4/16/2019', '03 Hayes Center', '395 Northport Plaza', 'Cozmo Clemson', 41, 82, 67, 116);
insert into [Order] (OrderId, TimeOfOrder, TimeOfDelivery, TotalDistance, DateOfOrder, FromAddress, ToAddress, ReceivedBy, CustomerId, PaymentId, EmpId, ProductId) values (204, '3:14', '18:01', 9.46, '5/30/2019', '82 Arizona Trail', '60 Mandrake Court', 'Sandye Tremmil', 48, 95, 65, 120);
insert into [Order] (OrderId, TimeOfOrder, TimeOfDelivery, TotalDistance, DateOfOrder, FromAddress, ToAddress, ReceivedBy, CustomerId, PaymentId, EmpId, ProductId) values (205, '9:35', '22:36', 11.82, '5/8/2019', '24 Shasta Junction', '456 Hollow Ridge Alley', 'Base Betser', 43, 83, 65, 102);
insert into [Order] (OrderId, TimeOfOrder, TimeOfDelivery, TotalDistance, DateOfOrder, FromAddress, ToAddress, ReceivedBy, CustomerId, PaymentId, EmpId, ProductId) values (206, '9:23', '22:39', 37.17, '2/17/2019', '41947 4th Alley', '7 Kedzie Way', 'Lynna Demeza', 44, 84, 65, 116);
insert into [Order] (OrderId, TimeOfOrder, TimeOfDelivery, TotalDistance, DateOfOrder, FromAddress, ToAddress, ReceivedBy, CustomerId, PaymentId, EmpId, ProductId) values (207, '6:50', '15:47', 3.8, '2/7/2019', '65583 Washington Drive', '86621 Rigney Junction', 'Selle Dyde', 52, 87, 66, 106);
insert into [Order] (OrderId, TimeOfOrder, TimeOfDelivery, TotalDistance, DateOfOrder, FromAddress, ToAddress, ReceivedBy, CustomerId, PaymentId, EmpId, ProductId) values (208, '4:09', '15:54', 3.53, '9/19/2019', '8828 Continental Alley', '1546 Amoth Point', 'Keefe Woollacott', 42, 83, 66, 120);
insert into [Order] (OrderId, TimeOfOrder, TimeOfDelivery, TotalDistance, DateOfOrder, FromAddress, ToAddress, ReceivedBy, CustomerId, PaymentId, EmpId, ProductId) values (209, '1:16', '16:20', 30.46, '4/24/2019', '599 Roxbury Lane', '4 Porter Trail', 'Jervis Lampert', 43, 98, 61, 116);
insert into [Order] (OrderId, TimeOfOrder, TimeOfDelivery, TotalDistance, DateOfOrder, FromAddress, ToAddress, ReceivedBy, CustomerId, PaymentId, EmpId, ProductId) values (210, '1:40', '19:34', 16.8, '8/25/2019', '00 Ridgeview Court', '9703 David Center', 'Elsy Iffland', 60, 98, 69, 103);
insert into [Order] (OrderId, TimeOfOrder, TimeOfDelivery, TotalDistance, DateOfOrder, FromAddress, ToAddress, ReceivedBy, CustomerId, PaymentId, EmpId, ProductId) values (211, '0:28', '20:20', 46.61, '9/30/2019', '5 Farragut Street', '54289 Valley Edge Alley', 'Maximilian Perulli', 58, 98, 62, 116);
insert into [Order] (OrderId, TimeOfOrder, TimeOfDelivery, TotalDistance, DateOfOrder, FromAddress, ToAddress, ReceivedBy, CustomerId, PaymentId, EmpId, ProductId) values (212, '11:33', '13:19', 28.55, '8/26/2019', '51 Walton Crossing', '7 Hagan Hill', 'Tina Ahlf', 56, 87, 68, 112);
insert into [Order] (OrderId, TimeOfOrder, TimeOfDelivery, TotalDistance, DateOfOrder, FromAddress, ToAddress, ReceivedBy, CustomerId, PaymentId, EmpId, ProductId) values (213, '1:45', '19:30', 33.37, '5/25/2019', '5083 Browning Drive', '5 Vernon Road', 'Carrol Gaythwaite', 51, 89, 65, 111);
insert into [Order] (OrderId, TimeOfOrder, TimeOfDelivery, TotalDistance, DateOfOrder, FromAddress, ToAddress, ReceivedBy, CustomerId, PaymentId, EmpId, ProductId) values (214, '11:50', '18:46', 46.42, '2/2/2019', '777 Carpenter Avenue', '9879 Meadow Vale Avenue', 'Murry Davys', 41, 93, 65, 110);
insert into [Order] (OrderId, TimeOfOrder, TimeOfDelivery, TotalDistance, DateOfOrder, FromAddress, ToAddress, ReceivedBy, CustomerId, PaymentId, EmpId, ProductId) values (215, '10:16', '22:36', 14.01, '2/16/2019', '5 Southridge Crossing', '36370 Lawn Way', 'Kesley Dymock', 47, 81, 68, 119);
insert into [Order] (OrderId, TimeOfOrder, TimeOfDelivery, TotalDistance, DateOfOrder, FromAddress, ToAddress, ReceivedBy, CustomerId, PaymentId, EmpId, ProductId) values (216, '4:02', '14:12', 34.58, '7/27/2019', '8136 Thackeray Parkway', '29016 Meadow Valley Point', 'Fabio Corah', 52, 90, 67, 109);
insert into [Order] (OrderId, TimeOfOrder, TimeOfDelivery, TotalDistance, DateOfOrder, FromAddress, ToAddress, ReceivedBy, CustomerId, PaymentId, EmpId, ProductId) values (217, '2:42', '16:48', 26.8, '11/5/2019', '4169 Summit Avenue', '2249 Killdeer Street', 'Kelby Rennolds', 59, 98, 69, 118);
insert into [Order] (OrderId, TimeOfOrder, TimeOfDelivery, TotalDistance, DateOfOrder, FromAddress, ToAddress, ReceivedBy, CustomerId, PaymentId, EmpId, ProductId) values (218, '11:23', '18:22', 30.64, '2/11/2019', '4 Johnson Junction', '06 Arapahoe Point', 'Coral Blown', 58, 99, 65, 115);
insert into [Order] (OrderId, TimeOfOrder, TimeOfDelivery, TotalDistance, DateOfOrder, FromAddress, ToAddress, ReceivedBy, CustomerId, PaymentId, EmpId, ProductId) values (219, '11:52', '17:26', 2.05, '11/3/2019', '35 Bartelt Road', '59182 Longview Alley', 'Koo Dillinton', 50, 85, 62, 111);
insert into [Order] (OrderId, TimeOfOrder, TimeOfDelivery, TotalDistance, DateOfOrder, FromAddress, ToAddress, ReceivedBy, CustomerId, PaymentId, EmpId, ProductId) values (220, '7:47', '20:06', 11.41, '1/6/2019', '676 Reindahl Hill', '98198 Stephen Lane', 'Jeni Sigart', 57, 82, 62, 119);





/***********PAYMENT TABLE*************/



insert into Payment (PaymentId, CustomerId, CustomerName, OrderTotal) values (81, 43, 'Justus Hanburry', 142);
insert into Payment (PaymentId, CustomerId, CustomerName, OrderTotal) values (82, 42, 'Caressa Ruddick', 148);
insert into Payment (PaymentId, CustomerId, CustomerName, OrderTotal) values (83, 46, 'Tann Aimable', 151);
insert into Payment (PaymentId, CustomerId, CustomerName, OrderTotal) values (84, 57, 'Ingrim Kosel', 74);
insert into Payment (PaymentId, CustomerId, CustomerName, OrderTotal) values (85, 48, 'Elysee Claypoole', 115);
insert into Payment (PaymentId, CustomerId, CustomerName, OrderTotal) values (86, 54, 'Reggis Fernant', 173);
insert into Payment (PaymentId, CustomerId, CustomerName, OrderTotal) values (87, 43, 'Law Pilmore', 144);
insert into Payment (PaymentId, CustomerId, CustomerName, OrderTotal) values (88, 45, 'Alaster Rowberry', 95);
insert into Payment (PaymentId, CustomerId, CustomerName, OrderTotal) values (89, 59, 'Genovera Boldra', 111);
insert into Payment (PaymentId, CustomerId, CustomerName, OrderTotal) values (90, 59, 'Lovell Counihan', 66);
insert into Payment (PaymentId, CustomerId, CustomerName, OrderTotal) values (91, 60, 'Blisse Woollcott', 87);
insert into Payment (PaymentId, CustomerId, CustomerName, OrderTotal) values (92, 54, 'Marmaduke Dowall', 60);
insert into Payment (PaymentId, CustomerId, CustomerName, OrderTotal) values (93, 51, 'Ann-marie Helsby', 187);
insert into Payment (PaymentId, CustomerId, CustomerName, OrderTotal) values (94, 41, 'Maximilianus Cudde', 55);
insert into Payment (PaymentId, CustomerId, CustomerName, OrderTotal) values (95, 52, 'Erda Larive', 164);
insert into Payment (PaymentId, CustomerId, CustomerName, OrderTotal) values (96, 45, 'Orly Chatwood', 117);
insert into Payment (PaymentId, CustomerId, CustomerName, OrderTotal) values (97, 59, 'Valentina Burdis', 159);
insert into Payment (PaymentId, CustomerId, CustomerName, OrderTotal) values (98, 43, 'Sharron Chappell', 60);
insert into Payment (PaymentId, CustomerId, CustomerName, OrderTotal) values (99, 53, 'Suzann Heigold', 126);
insert into Payment (PaymentId, CustomerId, CustomerName, OrderTotal) values (100, 60, 'Roze Stoade', 126);



/***********SAFETY BOX TABLE**********************/

insert into SafetyBox (BoxId, BoxSize, OrderId, EmpId) values (121, 'S', 215, 61);
insert into SafetyBox (BoxId, BoxSize, OrderId, EmpId) values (122, 'M', 204, 69);
insert into SafetyBox (BoxId, BoxSize, OrderId, EmpId) values (123, 'L', 215, 68);
insert into SafetyBox (BoxId, BoxSize, OrderId, EmpId) values (124, 'L', 192, 70);
insert into SafetyBox (BoxId, BoxSize, OrderId, EmpId) values (125, 'M', 170, 70);
insert into SafetyBox (BoxId, BoxSize, OrderId, EmpId) values (126, 'L', 168, 63);
insert into SafetyBox (BoxId, BoxSize, OrderId, EmpId) values (127, '3XL', 189, 66);
insert into SafetyBox (BoxId, BoxSize, OrderId, EmpId) values (128, 'XS', 167, 65);
insert into SafetyBox (BoxId, BoxSize, OrderId, EmpId) values (129, 'M', 174, 62);
insert into SafetyBox (BoxId, BoxSize, OrderId, EmpId) values (130, 'M', 175, 64);
insert into SafetyBox (BoxId, BoxSize, OrderId, EmpId) values (131, 'L', 160, 65);
insert into SafetyBox (BoxId, BoxSize, OrderId, EmpId) values (132, 'S', 165, 69);
insert into SafetyBox (BoxId, BoxSize, OrderId, EmpId) values (133, '2XL', 162, 65);
insert into SafetyBox (BoxId, BoxSize, OrderId, EmpId) values (134, 'XL', 214, 66);
insert into SafetyBox (BoxId, BoxSize, OrderId, EmpId) values (135, '2XL', 181, 67);
insert into SafetyBox (BoxId, BoxSize, OrderId, EmpId) values (136, 'M', 175, 61);
insert into SafetyBox (BoxId, BoxSize, OrderId, EmpId) values (137, '3XL', 178, 67);
insert into SafetyBox (BoxId, BoxSize, OrderId, EmpId) values (138, '2XL', 192, 63);
insert into SafetyBox (BoxId, BoxSize, OrderId, EmpId) values (139, 'M', 169, 61);
insert into SafetyBox (BoxId, BoxSize, OrderId, EmpId) values (140, 'S', 188, 68);




/*******************VEHICLES TABLE******************************/



insert into Vehicles (VehicleRegistrationNo, VehicleType, Make, Model, InsuranceNo, EmpId) values ('WAUBFAFL1AN989703', 'Sedan', 'Mercedes-Benz', 'CLS-Class', '3D7TT2CT6BG487263', 64);
insert into Vehicles (VehicleRegistrationNo, VehicleType, Make, Model, InsuranceNo, EmpId) values ('SCFEBBBK3EG127996', 'SUV', 'Audi', 'A8', '3VW8S7AT3FM014220', 61);
insert into Vehicles (VehicleRegistrationNo, VehicleType, Make, Model, InsuranceNo, EmpId) values ('1G6AC5SX2E0682120', 'Crossover', 'Mazda', 'Protege', '5NPDH4AE4DH587081', 68);
insert into Vehicles (VehicleRegistrationNo, VehicleType, Make, Model, InsuranceNo, EmpId) values ('3VW4A7AT3CM708662', 'Sedan', 'Mazda', 'RX-7', 'WBAGN83535D444203', 64);
insert into Vehicles (VehicleRegistrationNo, VehicleType, Make, Model, InsuranceNo, EmpId) values ('1D7CE2BK3AS661719', 'MPV', 'Lamborghini', 'Diablo', 'KNAFT4A25B5976397', 62);
insert into Vehicles (VehicleRegistrationNo, VehicleType, Make, Model, InsuranceNo, EmpId) values ('WA1CFAFPXEA532194', 'Crossover', 'Jeep', 'Wrangler', '1G6AR5S37E0466274', 66);
insert into Vehicles (VehicleRegistrationNo, VehicleType, Make, Model, InsuranceNo, EmpId) values ('3VW1K7AJ1DM079998', 'MPV', 'Mazda', 'Mazda6', '1GYS4NKJ1FR748870', 62);
insert into Vehicles (VehicleRegistrationNo, VehicleType, Make, Model, InsuranceNo, EmpId) values ('WBAUC73578V048437', 'SUV', 'Pontiac', 'G6', 'TRUXD38J391206623', 66);
insert into Vehicles (VehicleRegistrationNo, VehicleType, Make, Model, InsuranceNo, EmpId) values ('KNAFK4A62E5699024', 'MPV', 'Saab', '9-5', '1G4GB5GR4EF818518', 70);
insert into Vehicles (VehicleRegistrationNo, VehicleType, Make, Model, InsuranceNo, EmpId) values ('WAUVT68E84A213999', 'MPV', 'Pontiac', 'Grand Prix', '1N6AF0LY4FN732063', 65);
insert into Vehicles (VehicleRegistrationNo, VehicleType, Make, Model, InsuranceNo, EmpId) values ('1FTWF3A58AE109053', 'SUV', 'Acura', 'RL', 'WVWED7AJ5CW892452', 70);
insert into Vehicles (VehicleRegistrationNo, VehicleType, Make, Model, InsuranceNo, EmpId) values ('1GYS3CEFXDR870266', 'Sedan', 'Toyota', 'Camry', '1GKS1HE07CR904624', 68);
insert into Vehicles (VehicleRegistrationNo, VehicleType, Make, Model, InsuranceNo, EmpId) values ('1N6AD0CU7AC137375', 'Crossover', 'Toyota', 'Prius', 'WAUDF98E38A686574', 70);
insert into Vehicles (VehicleRegistrationNo, VehicleType, Make, Model, InsuranceNo, EmpId) values ('3GYFNDEY8BS889508', 'Convertible', 'Audi', 'A8', 'WAU4FBFL3BA396657', 68);
insert into Vehicles (VehicleRegistrationNo, VehicleType, Make, Model, InsuranceNo, EmpId) values ('WAUNF78P57A857429', 'MPV', 'Bentley', 'Arnage', '2T2BK1BA4FC109862', 62);
insert into Vehicles (VehicleRegistrationNo, VehicleType, Make, Model, InsuranceNo, EmpId) values ('JM1NC2EF9A0591453', 'SUV', 'Mitsubishi', 'Mighty Max', 'WBA6B2C54FG225767', 63);
insert into Vehicles (VehicleRegistrationNo, VehicleType, Make, Model, InsuranceNo, EmpId) values ('SAJWA0ES8EP168096', 'Convertible', 'Honda', 'Accord', 'WAUEF98E97A691104', 67);
insert into Vehicles (VehicleRegistrationNo, VehicleType, Make, Model, InsuranceNo, EmpId) values ('5J6TF2H57FL753159', 'SUV', 'Chevrolet', 'Tahoe', 'ZFBCFADH0FZ898382', 63);
insert into Vehicles (VehicleRegistrationNo, VehicleType, Make, Model, InsuranceNo, EmpId) values ('5N1AA0NC1AN695772', 'Convertible', 'Mercedes-Benz', 'S-Class', 'WAUJC68EX4A835681', 70);
insert into Vehicles (VehicleRegistrationNo, VehicleType, Make, Model, InsuranceNo, EmpId) values ('2G4GT5GK0C9438243', 'Crossover', 'Audi', 'Q7', '3D7TP2CT5AG827618', 67);





/**********************END**************************/